date,total_cases,people_vaccinated,people_fully_vaccinated,hosp_patients,total_deaths,total_tests,stringency_index,total_cases_diff,people_fully_vaccinated_diff,hosp_patients_diff,total_deaths_diff,total_tests_diff,stringency_index_diff,total_cases_trend,total_cases_seasonal,people_vaccinated_trend,people_vaccinated_seasonal,people_fully_vaccinated_trend,people_fully_vaccinated_seasonal,hosp_patients_trend,hosp_patients_seasonal,total_deaths_trend,total_deaths_seasonal,total_tests_trend,total_tests_seasonal,stringency_index_trend,stringency_index_seasonal,total_cases_seasonal_shift_b_2m,total_cases_seasonal_shift_b_1m,total_cases_seasonal_shift_1m,total_cases_seasonal_shift_2m,total_cases_seasonal_shift_3m,people_vaccinated_seasonal_shift_b_2m,people_vaccinated_seasonal_shift_b_1m,people_vaccinated_seasonal_shift_1m,people_vaccinated_seasonal_shift_2m,people_vaccinated_seasonal_shift_3m,people_fully_vaccinated_seasonal_shift_b_2m,people_fully_vaccinated_seasonal_shift_b_1m,people_fully_vaccinated_seasonal_shift_1m,people_fully_vaccinated_seasonal_shift_2m,people_fully_vaccinated_seasonal_shift_3m,hosp_patients_seasonal_shift_b_2m,hosp_patients_seasonal_shift_b_1m,hosp_patients_seasonal_shift_1m,hosp_patients_seasonal_shift_2m,hosp_patients_seasonal_shift_3m,total_deaths_seasonal_shift_b_2m,total_deaths_seasonal_shift_b_1m,total_deaths_seasonal_shift_1m,total_deaths_seasonal_shift_2m,total_deaths_seasonal_shift_3m,total_tests_seasonal_shift_b_2m,total_tests_seasonal_shift_b_1m,total_tests_seasonal_shift_1m,total_tests_seasonal_shift_2m,total_tests_seasonal_shift_3m,stringency_index_seasonal_shift_b_2m,stringency_index_seasonal_shift_b_1m,stringency_index_seasonal_shift_1m,stringency_index_seasonal_shift_2m,stringency_index_seasonal_shift_3m
2020-03-01,4.5,0.0,0.0,10.0,0.0,0.0,5.56,0.0,0.0,0.0,0.0,0.0,0.0,-7931.941964285732,988.4451906621712,0.0,21460.378688615925,0.0,-3426.2794326636845,-386.6750000000022,69.4440922619048,-955.962500000002,25.1441183035707,-35745.60178571442,-8396.889187128065,13.083285714285653,0.25973642113095374,988.4451906621712,988.4451906621712,,,,21460.378688615925,21460.378688615925,,,,-3426.2794326636845,-3426.2794326636845,,,,69.4440922619048,69.4440922619048,,,,25.1441183035707,25.1441183035707,,,,-8396.889187128065,-8396.889187128065,,,,0.25973642113095374,0.25973642113095374,,,
2020-03-08,106.14285714285714,0.0,0.0,67.14285714285714,0.7142857142857143,0.0,7.938571428571428,101.64285714285714,0.0,57.14285714285714,0.7142857142857143,0.0,2.378571428571428,-3472.616071428586,-494.2411746651426,0.0,-29927.604681919518,0.0,2577.0783426339135,218.65178571428373,-0.8347767857141586,-495.5892857142874,13.506543898810094,-12303.303571428674,2690.094332217572,26.323035714285666,-0.4385113467261886,-494.2411746651426,-494.2411746651426,,,,-29927.604681919518,-29927.604681919518,,,,2577.0783426339135,2577.0783426339135,,,,-0.8347767857141586,-0.8347767857141586,,,,13.506543898810094,13.506543898810094,,,,2690.094332217572,2690.094332217572,,,,-0.4385113467261886,-0.4385113467261886,,,
2020-03-15,659.2857142857143,0.0,0.0,298.14285714285717,8.428571428571429,2440.0,37.03428571428571,451.5000000000001,0.0,231.00000000000003,7.0,2440.0,29.09571428571428,1811.0267857142858,-1124.2477222842067,0.0,-19818.72372953857,0.0,1539.6735807291518,764.2678571428572,-36.72227678571432,82.53571428571429,-12.082444196427765,14498.035714285714,4092.753856026972,37.05321428571428,-0.04096372767857234,-1124.2477222842067,-1124.2477222842067,,,,-19818.72372953857,-19818.72372953857,,,,1539.6735807291518,1539.6735807291518,,,,-36.72227678571432,-36.72227678571432,,,,-12.082444196427765,-12.082444196427765,,,,4092.753856026972,4092.753856026972,,,,-0.04096372767857234,-0.04096372767857234,,,
2020-03-22,2644.5714285714284,0.0,0.0,1233.5714285714287,89.42857142857143,29273.14285714286,61.11000000000001,1432.1428571428569,0.0,935.4285714285716,73.28571428571429,21953.14285714286,24.075714285714298,4602.821428571428,630.0437062871782,0.0,28285.949722842164,0.0,-690.4724906993811,1473.6607142857144,-31.887038690476327,307.0892857142857,-26.568218005953014,31041.589285714283,1614.04099888352,55.04089285714286,0.2197386532738072,630.0437062871782,630.0437062871782,,,,28285.949722842164,28285.949722842164,,,,-690.4724906993811,-690.4724906993811,,,,-31.887038690476327,-31.887038690476327,,,,-26.568218005953014,-26.568218005953014,,,,1614.04099888352,1614.04099888352,,,,0.2197386532738072,0.2197386532738072,,,
2020-03-29,7663.714285714285,0.0,0.0,2906.4285714285716,463.14285714285717,52558.0,78.7,3033.8571428571427,0.0,1672.857142857143,292.7142857142857,-27941.428571428576,17.589999999999996,9118.839285714284,988.4451906621712,0.0,21460.378688615925,0.0,-3426.2794326636845,2125.0535714285716,69.4440922619048,768.4107142857142,25.1441183035707,55025.875,-8396.889187128065,69.09428571428572,0.25973642113095374,988.4451906621712,988.4451906621712,988.4451906621712,,,21460.378688615925,21460.378688615925,21460.378688615925,,,-3426.2794326636845,-3426.2794326636845,-3426.2794326636845,,,69.4440922619048,69.4440922619048,69.4440922619048,,,25.1441183035707,25.1441183035707,25.1441183035707,,,-8396.889187128065,-8396.889187128065,-8396.889187128065,,,0.25973642113095374,0.25973642113095374,0.25973642113095374,,
2020-04-05,14781.285714285714,0.0,0.0,2845.8571428571427,1334.0,79790.42857142857,78.7,2098.4285714285716,0.0,-60.571428571428896,497.14285714285717,7495.857142857141,0.0,15170.107142857143,-494.2411746651426,0.0,-29927.604681919518,0.0,2577.0783426339135,2564.892857142857,-0.8347767857141586,1463.3392857142858,13.506543898810094,84644.26785714287,2690.094332217572,76.50125000000001,-0.4385113467261886,-494.2411746651426,-494.2411746651426,-494.2411746651426,,,-29927.604681919518,-29927.604681919518,-29927.604681919518,,,2577.0783426339135,2577.0783426339135,2577.0783426339135,,,-0.8347767857141586,-0.8347767857141586,-0.8347767857141586,,,13.506543898810094,13.506543898810094,13.506543898810094,,,2690.094332217572,2690.094332217572,2690.094332217572,,,-0.4385113467261886,-0.4385113467261886,-0.4385113467261886,,
2020-04-12,22112.285714285714,0.0,0.0,2730.5714285714284,2365.714285714286,114523.85714285714,78.7,213.42857142857156,0.0,-115.28571428571422,160.8571428571429,3553.4285714285907,0.0,22064.125,-1124.2477222842067,0.0,-19818.72372953857,0.0,1539.6735807291518,2577.7678571428573,-36.72227678571432,2326.6428571428573,-12.082444196427765,117840.30357142858,4092.753856026972,78.7,-0.04096372767857234,-1124.2477222842067,-1124.2477222842067,-1124.2477222842067,,,-19818.72372953857,-19818.72372953857,-19818.72372953857,,,1539.6735807291518,1539.6735807291518,1539.6735807291518,,,-36.72227678571432,-36.72227678571432,-36.72227678571432,,,-12.082444196427765,-12.082444196427765,-12.082444196427765,,,4092.753856026972,4092.753856026972,4092.753856026972,,,-0.04096372767857234,-0.04096372767857234,-0.04096372767857234,,
2020-04-19,29601.714285714286,0.0,0.0,2319.8571428571427,3291.5714285714284,154136.42857142858,78.7,158.42857142857247,0.0,-410.7142857142858,-105.85714285714312,-2621.8571428571595,0.0,28682.874999999996,630.0437062871782,0.0,28285.949722842164,0.0,-690.4724906993811,2288.1071428571427,-31.887038690476327,3223.607142857143,-26.568218005953014,153737.51785714287,1614.04099888352,78.7,0.2197386532738072,630.0437062871782,630.0437062871782,630.0437062871782,,,28285.949722842164,28285.949722842164,28285.949722842164,,,-690.4724906993811,-690.4724906993811,-690.4724906993811,,,-31.887038690476327,-31.887038690476327,-31.887038690476327,,,-26.568218005953014,-26.568218005953014,-26.568218005953014,,,1614.04099888352,1614.04099888352,1614.04099888352,,,0.2197386532738072,0.2197386532738072,0.2197386532738072,,
2020-04-26,35858.71428571428,0.0,0.0,1923.142857142857,4167.428571428572,193263.0,78.7,-1232.428571428576,0.0,-396.71428571428555,-49.999999999999545,-5365.14285714287,0.0,34253.28571428571,988.4451906621712,0.0,21460.378688615925,0.0,-3426.2794326636845,1935.017857142857,69.4440922619048,4024.0892857142853,25.1441183035707,189636.98214285713,-8396.889187128065,78.7,0.25973642113095374,988.4451906621712,988.4451906621712,988.4451906621712,988.4451906621712,,21460.378688615925,21460.378688615925,21460.378688615925,21460.378688615925,,-3426.2794326636845,-3426.2794326636845,-3426.2794326636845,-3426.2794326636845,,69.4440922619048,69.4440922619048,69.4440922619048,69.4440922619048,,25.1441183035707,25.1441183035707,25.1441183035707,25.1441183035707,,-8396.889187128065,-8396.889187128065,-8396.889187128065,-8396.889187128065,,0.25973642113095374,0.25973642113095374,0.25973642113095374,0.25973642113095374,
2020-05-03,39536.28571428572,0.0,0.0,1511.857142857143,4805.428571428572,226263.14285714287,78.7,-2579.4285714285616,0.0,-411.2857142857142,-237.85714285714312,-5640.428571428536,0.0,38482.76785714286,-494.2411746651426,0.0,-29927.604681919518,0.0,2577.0783426339135,1586.5357142857144,-0.8347767857141586,4679.982142857143,13.506543898810094,223754.8392857143,2690.094332217572,77.77499999999999,-0.4385113467261886,-494.2411746651426,-494.2411746651426,-494.2411746651426,-494.2411746651426,,-29927.604681919518,-29927.604681919518,-29927.604681919518,-29927.604681919518,,2577.0783426339135,2577.0783426339135,2577.0783426339135,2577.0783426339135,,-0.8347767857141586,-0.8347767857141586,-0.8347767857141586,-0.8347767857141586,,13.506543898810094,13.506543898810094,13.506543898810094,13.506543898810094,,2690.094332217572,2690.094332217572,2690.094332217572,2690.094332217572,,-0.4385113467261886,-0.4385113467261886,-0.4385113467261886,-0.4385113467261886,
2020-05-10,41920.57142857143,0.0,0.0,1239.857142857143,5298.142857142857,255246.85714285713,78.7,-1293.2857142857247,0.0,-272.0,-145.28571428571468,2109.999999999942,0.0,41363.28571428572,-1124.2477222842067,0.0,-19818.72372953857,0.0,1539.6735807291518,1292.5535714285713,-36.72227678571432,5171.357142857142,-12.082444196427765,255729.7857142857,4092.753856026972,75.925,-0.04096372767857234,-1124.2477222842067,-1124.2477222842067,-1124.2477222842067,-1124.2477222842067,,-19818.72372953857,-19818.72372953857,-19818.72372953857,-19818.72372953857,,1539.6735807291518,1539.6735807291518,1539.6735807291518,1539.6735807291518,,-36.72227678571432,-36.72227678571432,-36.72227678571432,-36.72227678571432,,-12.082444196427765,-12.082444196427765,-12.082444196427765,-12.082444196427765,,4092.753856026972,4092.753856026972,4092.753856026972,4092.753856026972,,-0.04096372767857234,-0.04096372767857234,-0.04096372767857234,-0.04096372767857234,
2020-05-17,43629.28571428572,0.0,0.0,1022.7142857142857,5606.285714285715,286356.28571428574,71.3,-675.5714285714203,0.0,-217.14285714285722,-184.57142857142753,6142.142857142957,-7.400000000000006,43315.857142857145,630.0437062871782,0.0,28285.949722842164,0.0,-690.4724906993811,1054.2857142857142,-31.887038690476327,5512.553571428572,-26.568218005953014,286463.8392857143,1614.04099888352,74.075,0.2197386532738072,630.0437062871782,630.0437062871782,630.0437062871782,630.0437062871782,,28285.949722842164,28285.949722842164,28285.949722842164,28285.949722842164,,-690.4724906993811,-690.4724906993811,-690.4724906993811,-690.4724906993811,,-31.887038690476327,-31.887038690476327,-31.887038690476327,-31.887038690476327,,-26.568218005953014,-26.568218005953014,-26.568218005953014,-26.568218005953014,,1614.04099888352,1614.04099888352,1614.04099888352,1614.04099888352,,0.2197386532738072,0.2197386532738072,0.2197386532738072,0.2197386532738072,
2020-05-24,44875.28571428572,0.0,0.0,868.4285714285714,5783.714285714285,316842.71428571426,71.3,-462.7142857142899,0.0,-154.28571428571422,-130.71428571428714,-2748.7142857144354,0.0,44800.696428571435,988.4451906621712,0.0,21460.378688615925,0.0,-3426.2794326636845,853.6428571428571,69.4440922619048,5740.482142857143,25.1441183035707,319439.7142857143,-8396.889187128065,71.1825,0.25973642113095374,988.4451906621712,988.4451906621712,988.4451906621712,988.4451906621712,988.4451906621712,21460.378688615925,21460.378688615925,21460.378688615925,21460.378688615925,21460.378688615925,-3426.2794326636845,-3426.2794326636845,-3426.2794326636845,-3426.2794326636845,-3426.2794326636845,69.4440922619048,69.4440922619048,69.4440922619048,69.4440922619048,69.4440922619048,25.1441183035707,25.1441183035707,25.1441183035707,25.1441183035707,25.1441183035707,-8396.889187128065,-8396.889187128065,-8396.889187128065,-8396.889187128065,-8396.889187128065,0.25973642113095374,0.25973642113095374,0.25973642113095374,0.25973642113095374,0.25973642113095374
2020-05-31,46140.28571428572,0.0,0.0,660.4285714285714,5918.714285714285,348555.85714285716,71.3,19.0,0.0,-208.0,-42.42857142857065,1849.7142857144645,0.0,46065.5,-494.2411746651426,0.0,-29927.604681919518,0.0,2577.0783426339135,671.2500000000001,-0.8347767857141586,5886.232142857142,13.506543898810094,358643.53571428574,2690.094332217572,68.1725,-0.4385113467261886,-494.2411746651426,-494.2411746651426,-494.2411746651426,-494.2411746651426,-494.2411746651426,-29927.604681919518,-29927.604681919518,-29927.604681919518,-29927.604681919518,-29927.604681919518,2577.0783426339135,2577.0783426339135,2577.0783426339135,2577.0783426339135,2577.0783426339135,-0.8347767857141586,-0.8347767857141586,-0.8347767857141586,-0.8347767857141586,-0.8347767857141586,13.506543898810094,13.506543898810094,13.506543898810094,13.506543898810094,13.506543898810094,2690.094332217572,2690.094332217572,2690.094332217572,2690.094332217572,2690.094332217572,-0.4385113467261886,-0.4385113467261886,-0.4385113467261886,-0.4385113467261886,-0.4385113467261886
2020-06-07,47195.28571428572,0.0,0.0,486.14285714285717,6008.285714285715,396761.14285714284,62.959999999999994,-210.0,0.0,-174.28571428571428,-45.42857142857065,15265.428571428405,-8.340000000000003,47249.66071428572,-1124.2477222842067,0.0,-19818.72372953857,0.0,1539.6735807291518,506.4285714285714,-36.72227678571432,5982.392857142857,-12.082444196427765,405959.98214285716,4092.753856026972,65.62499999999999,-0.04096372767857234,-1124.2477222842067,-1124.2477222842067,-1124.2477222842067,-1124.2477222842067,-1124.2477222842067,-19818.72372953857,-19818.72372953857,-19818.72372953857,-19818.72372953857,-19818.72372953857,1539.6735807291518,1539.6735807291518,1539.6735807291518,1539.6735807291518,1539.6735807291518,-36.72227678571432,-36.72227678571432,-36.72227678571432,-36.72227678571432,-36.72227678571432,-12.082444196427765,-12.082444196427765,-12.082444196427765,-12.082444196427765,-12.082444196427765,4092.753856026972,4092.753856026972,4092.753856026972,4092.753856026972,4092.753856026972,-0.04096372767857234,-0.04096372767857234,-0.04096372767857234,-0.04096372767857234,-0.04096372767857234
2020-06-14,48473.0,0.0,0.0,317.2857142857143,6062.142857142857,458472.5714285714,62.959999999999994,222.7142857142826,0.0,-168.8571428571429,-35.71428571428714,-2985.9999999998836,0.0,48324.75000000001,630.0437062871782,0.0,28285.949722842164,0.0,-690.4724906993811,370.94642857142856,-31.887038690476327,6046.517857142858,-26.568218005953014,461692.21428571426,1614.04099888352,62.614999999999995,0.2197386532738072,630.0437062871782,630.0437062871782,630.0437062871782,630.0437062871782,630.0437062871782,28285.949722842164,28285.949722842164,28285.949722842164,28285.949722842164,28285.949722842164,-690.4724906993811,-690.4724906993811,-690.4724906993811,-690.4724906993811,-690.4724906993811,-31.887038690476327,-31.887038690476327,-31.887038690476327,-31.887038690476327,-31.887038690476327,-26.568218005953014,-26.568218005953014,-26.568218005953014,-26.568218005953014,-26.568218005953014,1614.04099888352,1614.04099888352,1614.04099888352,1614.04099888352,1614.04099888352,0.2197386532738072,0.2197386532738072,0.2197386532738072,0.2197386532738072,0.2197386532738072
2020-06-21,49504.857142857145,0.0,0.0,255.28571428571428,6097.142857142857,523258.0,59.26,-245.85714285713766,0.0,-62.0,-18.857142857142208,-10432.142857142899,-3.6999999999999957,49249.89285714286,988.4451906621712,0.0,21460.378688615925,0.0,-3426.2794326636845,266.64285714285717,69.4440922619048,6087.553571428572,25.1441183035707,523938.83928571426,-8396.889187128065,58.910892857142855,0.25973642113095374,988.4451906621712,988.4451906621712,988.4451906621712,988.4451906621712,988.4451906621712,21460.378688615925,21460.378688615925,21460.378688615925,21460.378688615925,21460.378688615925,-3426.2794326636845,-3426.2794326636845,-3426.2794326636845,-3426.2794326636845,-3426.2794326636845,69.4440922619048,69.4440922619048,69.4440922619048,69.4440922619048,69.4440922619048,25.1441183035707,25.1441183035707,25.1441183035707,25.1441183035707,25.1441183035707,-8396.889187128065,-8396.889187128065,-8396.889187128065,-8396.889187128065,-8396.889187128065,0.25973642113095374,0.25973642113095374,0.25973642113095374,0.25973642113095374,0.25973642113095374
2020-06-28,50111.42857142857,0.0,0.0,189.71428571428572,6118.285714285715,587998.4285714285,59.26,-425.2857142857174,0.0,-65.57142857142856,-13.857142857142208,-3119.000000000058,0.0,49997.67857142857,-494.2411746651426,0.0,-29927.604681919518,0.0,2577.0783426339135,191.03571428571428,-0.8347767857141586,6115.071428571428,13.506543898810094,590254.1249999999,2690.094332217572,53.81803571428571,-0.4385113467261886,-494.2411746651426,-494.2411746651426,-494.2411746651426,-494.2411746651426,-494.2411746651426,-29927.604681919518,-29927.604681919518,-29927.604681919518,-29927.604681919518,-29927.604681919518,2577.0783426339135,2577.0783426339135,2577.0783426339135,2577.0783426339135,2577.0783426339135,-0.8347767857141586,-0.8347767857141586,-0.8347767857141586,-0.8347767857141586,-0.8347767857141586,13.506543898810094,13.506543898810094,13.506543898810094,13.506543898810094,13.506543898810094,2690.094332217572,2690.094332217572,2690.094332217572,2690.094332217572,2690.094332217572,-0.4385113467261886,-0.4385113467261886,-0.4385113467261886,-0.4385113467261886,-0.4385113467261886
2020-07-05,50625.28571428572,0.0,0.0,122.42857142857143,6137.0,655291.5714285715,45.36714285714286,-92.7142857142826,0.0,-67.28571428571429,-2.428571428572468,2597.7142857144936,-13.892857142857139,50577.875,-1124.2477222842067,0.0,-19818.72372953857,0.0,1539.6735807291518,139.28571428571428,-36.72227678571432,6133.785714285715,-12.082444196427765,660815.6785714286,4092.753856026972,48.49303571428572,-0.04096372767857234,-1124.2477222842067,-1124.2477222842067,-1124.2477222842067,-1124.2477222842067,-1124.2477222842067,-19818.72372953857,-19818.72372953857,-19818.72372953857,-19818.72372953857,-19818.72372953857,1539.6735807291518,1539.6735807291518,1539.6735807291518,1539.6735807291518,1539.6735807291518,-36.72227678571432,-36.72227678571432,-36.72227678571432,-36.72227678571432,-36.72227678571432,-12.082444196427765,-12.082444196427765,-12.082444196427765,-12.082444196427765,-12.082444196427765,4092.753856026972,4092.753856026972,4092.753856026972,4092.753856026972,4092.753856026972,-0.04096372767857234,-0.04096372767857234,-0.04096372767857234,-0.04096372767857234,-0.04096372767857234
2020-07-12,51025.28571428572,0.0,0.0,76.14285714285714,6153.571428571428,730464.4285714285,39.81,-113.85714285714494,0.0,-46.28571428571429,-2.142857142856883,5326.999999999651,-5.557142857142857,51158.375,630.0437062871782,0.0,28285.949722842164,0.0,-690.4724906993811,104.30357142857143,-31.887038690476327,6146.303571428572,-26.568218005953014,738782.6428571428,1614.04099888352,43.63053571428572,0.2197386532738072,630.0437062871782,630.0437062871782,630.0437062871782,630.0437062871782,630.0437062871782,28285.949722842164,28285.949722842164,28285.949722842164,28285.949722842164,28285.949722842164,-690.4724906993811,-690.4724906993811,-690.4724906993811,-690.4724906993811,-690.4724906993811,-31.887038690476327,-31.887038690476327,-31.887038690476327,-31.887038690476327,-31.887038690476327,-26.568218005953014,-26.568218005953014,-26.568218005953014,-26.568218005953014,-26.568218005953014,1614.04099888352,1614.04099888352,1614.04099888352,1614.04099888352,1614.04099888352,0.2197386532738072,0.2197386532738072,0.2197386532738072,0.2197386532738072,0.2197386532738072
2020-07-19,51594.142857142855,0.0,0.0,82.42857142857143,6155.428571428572,815758.5714285715,39.81,168.85714285713766,0.0,6.285714285714292,-14.714285714285325,2241.5714285718277,0.0,51939.44642857143,988.4451906621712,0.0,21460.378688615925,0.0,-3426.2794326636845,84.30357142857143,69.4440922619048,6155.089285714285,25.1441183035707,827989.0,-8396.889187128065,40.50464285714286,0.25973642113095374,988.4451906621712,988.4451906621712,988.4451906621712,988.4451906621712,988.4451906621712,21460.378688615925,21460.378688615925,21460.378688615925,21460.378688615925,21460.378688615925,-3426.2794326636845,-3426.2794326636845,-3426.2794326636845,-3426.2794326636845,-3426.2794326636845,69.4440922619048,69.4440922619048,69.4440922619048,69.4440922619048,69.4440922619048,25.1441183035707,25.1441183035707,25.1441183035707,25.1441183035707,25.1441183035707,-8396.889187128065,-8396.889187128065,-8396.889187128065,-8396.889187128065,-8396.889187128065,0.25973642113095374,0.25973642113095374,0.25973642113095374,0.25973642113095374,0.25973642113095374
2020-07-26,52666.142857142855,0.0,0.0,82.71428571428571,6160.142857142857,919233.5714285715,39.81,503.14285714286234,0.0,0.2857142857142776,2.8571428571422075,8059.571428571129,0.0,53210.05357142857,-494.2411746651426,0.0,-29927.604681919518,0.0,2577.0783426339135,78.44642857142858,-0.8347767857141586,6161.142857142857,13.506543898810094,929165.875,2690.094332217572,39.81,-0.4385113467261886,-494.2411746651426,-494.2411746651426,-494.2411746651426,-494.2411746651426,-494.2411746651426,-29927.604681919518,-29927.604681919518,-29927.604681919518,-29927.604681919518,-29927.604681919518,2577.0783426339135,2577.0783426339135,2577.0783426339135,2577.0783426339135,2577.0783426339135,-0.8347767857141586,-0.8347767857141586,-0.8347767857141586,-0.8347767857141586,-0.8347767857141586,13.506543898810094,13.506543898810094,13.506543898810094,13.506543898810094,13.506543898810094,2690.094332217572,2690.094332217572,2690.094332217572,2690.094332217572,2690.094332217572,-0.4385113467261886,-0.4385113467261886,-0.4385113467261886,-0.4385113467261886,-0.4385113467261886
2020-08-02,54319.142857142855,0.0,0.0,69.42857142857143,6165.428571428572,1037707.2857142857,39.81,581.0,0.0,-13.285714285714278,0.571428571429351,-3182.1428571428405,0.0,55356.39285714286,-1124.2477222842067,0.0,-19818.72372953857,0.0,1539.6735807291518,83.30357142857142,-36.72227678571432,6167.125,-12.082444196427765,1040247.4642857143,4092.753856026972,39.81,-0.04096372767857234,-1124.2477222842067,-1124.2477222842067,-1124.2477222842067,-1124.2477222842067,-1124.2477222842067,-19818.72372953857,-19818.72372953857,-19818.72372953857,-19818.72372953857,-19818.72372953857,1539.6735807291518,1539.6735807291518,1539.6735807291518,1539.6735807291518,1539.6735807291518,-36.72227678571432,-36.72227678571432,-36.72227678571432,-36.72227678571432,-36.72227678571432,-12.082444196427765,-12.082444196427765,-12.082444196427765,-12.082444196427765,-12.082444196427765,4092.753856026972,4092.753856026972,4092.753856026972,4092.753856026972,4092.753856026972,-0.04096372767857234,-0.04096372767857234,-0.04096372767857234,-0.04096372767857234,-0.04096372767857234
2020-08-09,57496.28571428572,0.0,0.0,82.28571428571429,6173.571428571428,1157463.7142857143,39.81,1524.1428571428623,0.0,12.857142857142861,2.8571428571422075,-13715.999999999767,0.0,58461.982142857145,630.0437062871782,0.0,28285.949722842164,0.0,-690.4724906993811,93.32142857142856,-31.887038690476327,6177.0,-26.568218005953014,1160757.1964285714,1614.04099888352,41.001428571428576,0.2197386532738072,630.0437062871782,630.0437062871782,630.0437062871782,630.0437062871782,630.0437062871782,28285.949722842164,28285.949722842164,28285.949722842164,28285.949722842164,28285.949722842164,-690.4724906993811,-690.4724906993811,-690.4724906993811,-690.4724906993811,-690.4724906993811,-31.887038690476327,-31.887038690476327,-31.887038690476327,-31.887038690476327,-31.887038690476327,-26.568218005953014,-26.568218005953014,-26.568218005953014,-26.568218005953014,-26.568218005953014,1614.04099888352,1614.04099888352,1614.04099888352,1614.04099888352,1614.04099888352,0.2197386532738072,0.2197386532738072,0.2197386532738072,0.2197386532738072,0.2197386532738072
2020-08-16,62293.857142857145,0.0,0.0,115.14285714285714,6183.285714285715,1277412.0,39.81,1620.4285714285652,0.0,32.85714285714285,1.571428571429351,-1090.8571428573923,0.0,62308.732142857145,988.4451906621712,0.0,21460.378688615925,0.0,-3426.2794326636845,104.10714285714286,69.4440922619048,6193.0,25.1441183035707,1293427.0535714286,-8396.889187128065,43.582857142857144,0.25973642113095374,988.4451906621712,988.4451906621712,988.4451906621712,988.4451906621712,988.4451906621712,21460.378688615925,21460.378688615925,21460.378688615925,21460.378688615925,21460.378688615925,-3426.2794326636845,-3426.2794326636845,-3426.2794326636845,-3426.2794326636845,-3426.2794326636845,69.4440922619048,69.4440922619048,69.4440922619048,69.4440922619048,69.4440922619048,25.1441183035707,25.1441183035707,25.1441183035707,25.1441183035707,25.1441183035707,-8396.889187128065,-8396.889187128065,-8396.889187128065,-8396.889187128065,-8396.889187128065,0.25973642113095374,0.25973642113095374,0.25973642113095374,0.25973642113095374,0.25973642113095374
2020-08-23,66811.14285714286,0.0,0.0,130.14285714285714,6211.285714285715,1421658.0,49.34142857142858,-280.2857142857174,0.0,15.0,18.285714285713766,24105.857142857276,9.531428571428577,66628.66071428571,-494.2411746651426,0.0,-29927.604681919518,0.0,2577.0783426339135,110.66071428571429,-0.8347767857141586,6214.285714285715,13.506543898810094,1441307.9821428573,2690.094332217572,46.362857142857145,-0.4385113467261886,-494.2411746651426,-494.2411746651426,-494.2411746651426,-494.2411746651426,-494.2411746651426,-29927.604681919518,-29927.604681919518,-29927.604681919518,-29927.604681919518,-29927.604681919518,2577.0783426339135,2577.0783426339135,2577.0783426339135,2577.0783426339135,2577.0783426339135,-0.8347767857141586,-0.8347767857141586,-0.8347767857141586,-0.8347767857141586,-0.8347767857141586,13.506543898810094,13.506543898810094,13.506543898810094,13.506543898810094,13.506543898810094,2690.094332217572,2690.094332217572,2690.094332217572,2690.094332217572,2690.094332217572,-0.4385113467261886,-0.4385113467261886,-0.4385113467261886,-0.4385113467261886,-0.4385113467261886
2020-08-30,70948.14285714286,0.0,0.0,108.28571428571429,6242.285714285715,1596641.7142857143,50.93,-380.2857142857101,0.0,-21.857142857142847,3.0,6440.0,1.58857142857142,71360.91071428571,-1124.2477222842067,0.0,-19818.72372953857,0.0,1539.6735807291518,114.03571428571429,-36.72227678571432,6238.696428571428,-12.082444196427765,1606377.9642857143,4092.753856026972,49.142857142857146,-0.04096372767857234,-1124.2477222842067,-1124.2477222842067,-1124.2477222842067,-1124.2477222842067,-1124.2477222842067,-19818.72372953857,-19818.72372953857,-19818.72372953857,-19818.72372953857,-19818.72372953857,1539.6735807291518,1539.6735807291518,1539.6735807291518,1539.6735807291518,1539.6735807291518,-36.72227678571432,-36.72227678571432,-36.72227678571432,-36.72227678571432,-36.72227678571432,-12.082444196427765,-12.082444196427765,-12.082444196427765,-12.082444196427765,-12.082444196427765,4092.753856026972,4092.753856026972,4092.753856026972,4092.753856026972,4092.753856026972,-0.04096372767857234,-0.04096372767857234,-0.04096372767857234,-0.04096372767857234,-0.04096372767857234
2020-09-06,75426.71428571429,0.0,0.0,95.85714285714286,6267.0,1781576.7142857143,50.93,341.5714285714348,0.0,-12.42857142857143,-6.2857142857146755,-20786.428571428638,0.0,77060.76785714286,630.0437062871782,0.0,28285.949722842164,0.0,-690.4724906993811,126.62500000000001,-31.887038690476327,6263.785714285714,-26.568218005953014,1787589.3750000002,1614.04099888352,50.681785714285716,0.2197386532738072,630.0437062871782,630.0437062871782,630.0437062871782,630.0437062871782,630.0437062871782,28285.949722842164,28285.949722842164,28285.949722842164,28285.949722842164,28285.949722842164,-690.4724906993811,-690.4724906993811,-690.4724906993811,-690.4724906993811,-690.4724906993811,-31.887038690476327,-31.887038690476327,-31.887038690476327,-31.887038690476327,-31.887038690476327,-26.568218005953014,-26.568218005953014,-26.568218005953014,-26.568218005953014,-26.568218005953014,1614.04099888352,1614.04099888352,1614.04099888352,1614.04099888352,1614.04099888352,0.2197386532738072,0.2197386532738072,0.2197386532738072,0.2197386532738072,0.2197386532738072
2020-09-13,82221.42857142857,0.0,0.0,128.57142857142858,6285.142857142857,1973858.857142857,50.93,2316.1428571428405,0.0,32.71428571428572,-6.5714285714284415,-2604.142857142957,0.0,84925.67857142857,988.4451906621712,0.0,21460.378688615925,0.0,-3426.2794326636845,173.53571428571428,69.4440922619048,6292.017857142858,25.1441183035707,1980355.232142857,-8396.889187128065,50.48321428571428,0.25973642113095374,988.4451906621712,988.4451906621712,988.4451906621712,988.4451906621712,988.4451906621712,21460.378688615925,21460.378688615925,21460.378688615925,21460.378688615925,21460.378688615925,-3426.2794326636845,-3426.2794326636845,-3426.2794326636845,-3426.2794326636845,-3426.2794326636845,69.4440922619048,69.4440922619048,69.4440922619048,69.4440922619048,69.4440922619048,25.1441183035707,25.1441183035707,25.1441183035707,25.1441183035707,25.1441183035707,-8396.889187128065,-8396.889187128065,-8396.889187128065,-8396.889187128065,-8396.889187128065,0.25973642113095374,0.25973642113095374,0.25973642113095374,0.25973642113095374,0.25973642113095374
2020-09-20,92482.42857142857,0.0,0.0,217.42857142857142,6310.142857142857,2174902.4285714286,50.53285714285714,3466.2857142857247,0.0,88.85714285714283,6.857142857143117,1414.2857142861467,-0.39714285714286035,96385.23214285713,-494.2411746651426,0.0,-29927.604681919518,0.0,2577.0783426339135,268.3392857142857,-0.8347767857141586,6333.303571428572,13.506543898810094,2182151.2857142854,2690.094332217572,51.27642857142857,-0.4385113467261886,-494.2411746651426,-494.2411746651426,-494.2411746651426,-494.2411746651426,-494.2411746651426,-29927.604681919518,-29927.604681919518,-29927.604681919518,-29927.604681919518,-29927.604681919518,2577.0783426339135,2577.0783426339135,2577.0783426339135,2577.0783426339135,2577.0783426339135,-0.8347767857141586,-0.8347767857141586,-0.8347767857141586,-0.8347767857141586,-0.8347767857141586,13.506543898810094,13.506543898810094,13.506543898810094,13.506543898810094,13.506543898810094,2690.094332217572,2690.094332217572,2690.094332217572,2690.094332217572,2690.094332217572,-0.4385113467261886,-0.4385113467261886,-0.4385113467261886,-0.4385113467261886,-0.4385113467261886
2020-09-27,108196.14285714286,0.0,0.0,396.2857142857143,6369.285714285715,2385524.142857143,48.14999999999999,5452.71428571429,0.0,178.85714285714286,34.14285714285779,816.7142857140861,-2.382857142857148,113171.41071428571,-1124.2477222842067,0.0,-19818.72372953857,0.0,1539.6735807291518,418.10714285714283,-36.72227678571432,6395.839285714285,-12.082444196427765,2393750.035714286,4092.753856026972,53.80589285714286,-0.04096372767857234,-1124.2477222842067,-1124.2477222842067,-1124.2477222842067,-1124.2477222842067,-1124.2477222842067,-19818.72372953857,-19818.72372953857,-19818.72372953857,-19818.72372953857,-19818.72372953857,1539.6735807291518,1539.6735807291518,1539.6735807291518,1539.6735807291518,1539.6735807291518,-36.72227678571432,-36.72227678571432,-36.72227678571432,-36.72227678571432,-36.72227678571432,-12.082444196427765,-12.082444196427765,-12.082444196427765,-12.082444196427765,-12.082444196427765,4092.753856026972,4092.753856026972,4092.753856026972,4092.753856026972,4092.753856026972,-0.04096372767857234,-0.04096372767857234,-0.04096372767857234,-0.04096372767857234,-0.04096372767857234
2020-10-04,129855.14285714286,0.0,0.0,566.2857142857143,6470.285714285715,2607062.714285714,60.055714285714295,5945.28571428571,0.0,170.00000000000006,41.85714285714221,1338.7142857133877,11.905714285714303,137869.875,630.0437062871782,0.0,28285.949722842164,0.0,-690.4724906993811,629.7142857142857,-31.887038690476327,6486.785714285715,-26.568218005953014,2614460.9821428573,1614.04099888352,56.63303571428572,0.2197386532738072,630.0437062871782,630.0437062871782,630.0437062871782,630.0437062871782,630.0437062871782,28285.949722842164,28285.949722842164,28285.949722842164,28285.949722842164,28285.949722842164,-690.4724906993811,-690.4724906993811,-690.4724906993811,-690.4724906993811,-690.4724906993811,-31.887038690476327,-31.887038690476327,-31.887038690476327,-31.887038690476327,-31.887038690476327,-26.568218005953014,-26.568218005953014,-26.568218005953014,-26.568218005953014,-26.568218005953014,1614.04099888352,1614.04099888352,1614.04099888352,1614.04099888352,1614.04099888352,0.2197386532738072,0.2197386532738072,0.2197386532738072,0.2197386532738072,0.2197386532738072
2020-10-11,162082.42857142858,0.0,0.0,856.2857142857143,6582.142857142857,2841162.8571428573,62.040000000000006,10568.285714285725,0.0,290.0,10.857142857142208,1644.7142857159488,1.9842857142857113,172696.7857142857,988.4451906621712,0.0,21460.378688615925,0.0,-3426.2794326636845,891.9642857142858,69.4440922619048,6616.446428571428,25.1441183035707,2840222.053571428,-8396.889187128065,59.807678571428575,0.25973642113095374,988.4451906621712,988.4451906621712,988.4451906621712,988.4451906621712,988.4451906621712,21460.378688615925,21460.378688615925,21460.378688615925,21460.378688615925,21460.378688615925,-3426.2794326636845,-3426.2794326636845,-3426.2794326636845,-3426.2794326636845,-3426.2794326636845,69.4440922619048,69.4440922619048,69.4440922619048,69.4440922619048,69.4440922619048,25.1441183035707,25.1441183035707,25.1441183035707,25.1441183035707,25.1441183035707,-8396.889187128065,-8396.889187128065,-8396.889187128065,-8396.889187128065,-8396.889187128065,0.25973642113095374,0.25973642113095374,0.25973642113095374,0.25973642113095374,0.25973642113095374
2020-10-18,210209.14285714287,0.0,0.0,1182.5714285714287,6740.714285714285,3073286.0,62.040000000000006,15899.428571428565,0.0,326.28571428571433,46.714285714286234,-14538.571428572759,0.0,218731.53571428568,-494.2411746651426,0.0,-29927.604681919518,0.0,2577.0783426339135,1191.8214285714284,-0.8347767857141586,6799.375,13.506543898810094,3065109.285714286,2690.094332217572,61.79196428571429,-0.4385113467261886,-494.2411746651426,-494.2411746651426,-494.2411746651426,-494.2411746651426,-494.2411746651426,-29927.604681919518,-29927.604681919518,-29927.604681919518,-29927.604681919518,-29927.604681919518,2577.0783426339135,2577.0783426339135,2577.0783426339135,2577.0783426339135,2577.0783426339135,-0.8347767857141586,-0.8347767857141586,-0.8347767857141586,-0.8347767857141586,-0.8347767857141586,13.506543898810094,13.506543898810094,13.506543898810094,13.506543898810094,13.506543898810094,2690.094332217572,2690.094332217572,2690.094332217572,2690.094332217572,2690.094332217572,-0.4385113467261886,-0.4385113467261886,-0.4385113467261886,-0.4385113467261886,-0.4385113467261886
2020-10-25,269084.71428571426,0.0,0.0,1529.142857142857,6976.0,3293229.1428571427,62.040000000000006,10748.857142857101,0.0,346.57142857142844,76.71428571428623,-10202.999999999534,0.0,273977.76785714284,-1124.2477222842067,0.0,-19818.72372953857,0.0,1539.6735807291518,1478.5357142857142,-36.72227678571432,7062.357142857143,-12.082444196427765,3281065.8035714286,4092.753856026972,62.37035714285715,-0.04096372767857234,-1124.2477222842067,-1124.2477222842067,-1124.2477222842067,-1124.2477222842067,-1124.2477222842067,-19818.72372953857,-19818.72372953857,-19818.72372953857,-19818.72372953857,-19818.72372953857,1539.6735807291518,1539.6735807291518,1539.6735807291518,1539.6735807291518,1539.6735807291518,-36.72227678571432,-36.72227678571432,-36.72227678571432,-36.72227678571432,-36.72227678571432,-12.082444196427765,-12.082444196427765,-12.082444196427765,-12.082444196427765,-12.082444196427765,4092.753856026972,4092.753856026972,4092.753856026972,4092.753856026972,4092.753856026972,-0.04096372767857234,-0.04096372767857234,-0.04096372767857234,-0.04096372767857234,-0.04096372767857234
2020-11-01,337244.5714285714,0.0,0.0,1832.2857142857142,7327.0,3498455.5714285714,62.040000000000006,9284.285714285768,0.0,303.1428571428571,115.71428571428532,-2536.714285714086,0.0,331752.69642857136,630.0437062871782,0.0,28285.949722842164,0.0,-690.4724906993811,1661.0000000000002,-31.887038690476327,7420.107142857143,-26.568218005953014,3481074.785714286,1614.04099888352,63.16321428571429,0.2197386532738072,630.0437062871782,630.0437062871782,630.0437062871782,630.0437062871782,630.0437062871782,28285.949722842164,28285.949722842164,28285.949722842164,28285.949722842164,28285.949722842164,-690.4724906993811,-690.4724906993811,-690.4724906993811,-690.4724906993811,-690.4724906993811,-31.887038690476327,-31.887038690476327,-31.887038690476327,-31.887038690476327,-31.887038690476327,-26.568218005953014,-26.568218005953014,-26.568218005953014,-26.568218005953014,-26.568218005953014,1614.04099888352,1614.04099888352,1614.04099888352,1614.04099888352,1614.04099888352,0.2197386532738072,0.2197386532738072,0.2197386532738072,0.2197386532738072,0.2197386532738072
2020-11-08,396662.85714285716,0.0,0.0,1884.0,7829.285714285715,3677422.1428571427,64.68285714285715,-8741.57142857142,0.0,51.71428571428578,151.28571428571468,-11543.14285714319,2.642857142857139,385986.35714285716,988.4451906621712,0.0,21460.378688615925,0.0,-3426.2794326636845,1707.5892857142858,69.4440922619048,7852.125,25.1441183035707,3664795.9464285714,-8396.889187128065,63.92285714285714,0.25973642113095374,988.4451906621712,988.4451906621712,988.4451906621712,988.4451906621712,988.4451906621712,21460.378688615925,21460.378688615925,21460.378688615925,21460.378688615925,21460.378688615925,-3426.2794326636845,-3426.2794326636845,-3426.2794326636845,-3426.2794326636845,-3426.2794326636845,69.4440922619048,69.4440922619048,69.4440922619048,69.4440922619048,69.4440922619048,25.1441183035707,25.1441183035707,25.1441183035707,25.1441183035707,25.1441183035707,-8396.889187128065,-8396.889187128065,-8396.889187128065,-8396.889187128065,-8396.889187128065,0.25973642113095374,0.25973642113095374,0.25973642113095374,0.25973642113095374,0.25973642113095374
2020-11-15,437828.14285714284,0.0,0.0,1614.5714285714287,8355.57142857143,3837098.5714285714,65.74,-18253.00000000006,0.0,-269.42857142857133,24.0,6969.714285714552,1.0571428571428498,433589.625,-494.2411746651426,0.0,-29927.604681919518,0.0,2577.0783426339135,1632.625,-0.8347767857141586,8322.642857142857,13.506543898810094,3836336.5892857146,2690.094332217572,63.525,-0.4385113467261886,-494.2411746651426,-494.2411746651426,-494.2411746651426,-494.2411746651426,-494.2411746651426,-29927.604681919518,-29927.604681919518,-29927.604681919518,-29927.604681919518,-29927.604681919518,2577.0783426339135,2577.0783426339135,2577.0783426339135,2577.0783426339135,2577.0783426339135,-0.8347767857141586,-0.8347767857141586,-0.8347767857141586,-0.8347767857141586,-0.8347767857141586,13.506543898810094,13.506543898810094,13.506543898810094,13.506543898810094,13.506543898810094,2690.094332217572,2690.094332217572,2690.094332217572,2690.094332217572,2690.094332217572,-0.4385113467261886,-0.4385113467261886,-0.4385113467261886,-0.4385113467261886,-0.4385113467261886
2020-11-22,475335.0,0.0,0.0,1469.857142857143,8817.285714285714,3999185.8571428573,64.41714285714286,-3658.4285714285215,0.0,-144.71428571428578,-64.57142857143026,21701.0,-1.3228571428571314,474322.73214285716,-1124.2477222842067,0.0,-19818.72372953857,0.0,1539.6735807291518,1475.4107142857144,-36.72227678571432,8788.178571428572,-12.082444196427765,4002903.910714286,4092.753856026972,61.804642857142866,-0.04096372767857234,-1124.2477222842067,-1124.2477222842067,-1124.2477222842067,-1124.2477222842067,-1124.2477222842067,-19818.72372953857,-19818.72372953857,-19818.72372953857,-19818.72372953857,-19818.72372953857,1539.6735807291518,1539.6735807291518,1539.6735807291518,1539.6735807291518,1539.6735807291518,-36.72227678571432,-36.72227678571432,-36.72227678571432,-36.72227678571432,-36.72227678571432,-12.082444196427765,-12.082444196427765,-12.082444196427765,-12.082444196427765,-12.082444196427765,4092.753856026972,4092.753856026972,4092.753856026972,4092.753856026972,4092.753856026972,-0.04096372767857234,-0.04096372767857234,-0.04096372767857234,-0.04096372767857234,-0.04096372767857234
2020-11-29,511820.4285714286,0.0,0.0,1291.857142857143,9249.857142857143,4164824.0,56.480000000000004,-1021.4285714285797,0.0,-178.0,-29.142857142855064,1139.9999999995343,-7.9371428571428595,513103.7678571429,630.0437062871782,0.0,28285.949722842164,0.0,-690.4724906993811,1336.3750000000002,-31.887038690476327,9216.053571428572,-26.568218005953014,4177459.7321428573,1614.04099888352,59.62178571428572,0.2197386532738072,630.0437062871782,630.0437062871782,630.0437062871782,630.0437062871782,630.0437062871782,28285.949722842164,28285.949722842164,28285.949722842164,28285.949722842164,28285.949722842164,-690.4724906993811,-690.4724906993811,-690.4724906993811,-690.4724906993811,-690.4724906993811,-31.887038690476327,-31.887038690476327,-31.887038690476327,-31.887038690476327,-31.887038690476327,-26.568218005953014,-26.568218005953014,-26.568218005953014,-26.568218005953014,-26.568218005953014,1614.04099888352,1614.04099888352,1614.04099888352,1614.04099888352,1614.04099888352,0.2197386532738072,0.2197386532738072,0.2197386532738072,0.2197386532738072,0.2197386532738072
2020-12-06,547951.8571428572,0.0,0.0,1166.7142857142858,9630.714285714286,4343592.285714286,56.480000000000004,-354.0,0.0,-125.14285714285711,-51.714285714286234,9579.285714286845,0.0,556528.9464285715,988.4451906621712,0.0,21460.378688615925,0.0,-3426.2794326636845,1285.892857142857,69.4440922619048,9616.214285714286,25.1441183035707,4372450.642857144,-8396.889187128065,59.720714285714294,0.25973642113095374,988.4451906621712,988.4451906621712,988.4451906621712,988.4451906621712,988.4451906621712,21460.378688615925,21460.378688615925,21460.378688615925,21460.378688615925,21460.378688615925,-3426.2794326636845,-3426.2794326636845,-3426.2794326636845,-3426.2794326636845,-3426.2794326636845,69.4440922619048,69.4440922619048,69.4440922619048,69.4440922619048,69.4440922619048,25.1441183035707,25.1441183035707,25.1441183035707,25.1441183035707,25.1441183035707,-8396.889187128065,-8396.889187128065,-8396.889187128065,-8396.889187128065,-8396.889187128065,0.25973642113095374,0.25973642113095374,0.25973642113095374,0.25973642113095374,0.25973642113095374
2020-12-13,596787.4285714285,0.0,0.0,1219.5714285714287,9977.142857142857,4567375.0,56.480000000000004,12704.142857142782,0.0,52.85714285714289,-34.42857142857247,31884.285714283586,0.0,609005.1964285714,-494.2411746651426,0.0,-29927.604681919518,0.0,2577.0783426339135,1336.0178571428573,-0.8347767857141586,10018.732142857143,13.506543898810094,4590400.75,2690.094332217572,63.75464285714285,-0.4385113467261886,-494.2411746651426,-494.2411746651426,-494.2411746651426,-494.2411746651426,-494.2411746651426,-29927.604681919518,-29927.604681919518,-29927.604681919518,-29927.604681919518,-29927.604681919518,2577.0783426339135,2577.0783426339135,2577.0783426339135,2577.0783426339135,2577.0783426339135,-0.8347767857141586,-0.8347767857141586,-0.8347767857141586,-0.8347767857141586,-0.8347767857141586,13.506543898810094,13.506543898810094,13.506543898810094,13.506543898810094,13.506543898810094,2690.094332217572,2690.094332217572,2690.094332217572,2690.094332217572,2690.094332217572,-0.4385113467261886,-0.4385113467261886,-0.4385113467261886,-0.4385113467261886,-0.4385113467261886
2020-12-20,663777.1428571428,0.0,0.0,1461.0,10397.0,4828836.714285715,74.46857142857142,18154.142857142957,0.0,241.42857142857133,73.42857142857247,-7335.42857142631,17.98857142857142,670361.9642857142,-1124.2477222842067,0.0,-19818.72372953857,0.0,1539.6735807291518,1492.7142857142856,-36.72227678571432,10455.17857142857,-12.082444196427765,4823856.339285715,4092.753856026972,69.30964285714286,-0.04096372767857234,-1124.2477222842067,-1124.2477222842067,-1124.2477222842067,-1124.2477222842067,-1124.2477222842067,-19818.72372953857,-19818.72372953857,-19818.72372953857,-19818.72372953857,-19818.72372953857,1539.6735807291518,1539.6735807291518,1539.6735807291518,1539.6735807291518,1539.6735807291518,-36.72227678571432,-36.72227678571432,-36.72227678571432,-36.72227678571432,-36.72227678571432,-12.082444196427765,-12.082444196427765,-12.082444196427765,-12.082444196427765,-12.082444196427765,4092.753856026972,4092.753856026972,4092.753856026972,4092.753856026972,4092.753856026972,-0.04096372767857234,-0.04096372767857234,-0.04096372767857234,-0.04096372767857234,-0.04096372767857234
2020-12-27,743188.2857142857,0.0,0.0,1701.7142857142858,10890.285714285714,5078774.0,78.7,12421.428571428522,0.0,240.71428571428578,73.42857142857065,-49203.428571430035,4.23142857142858,735978.0178571428,630.0437062871782,0.0,28285.949722842164,0.0,-690.4724906993811,1698.0892857142858,-31.887038690476327,10959.17857142857,-26.568218005953014,5060160.196428572,1614.04099888352,74.86464285714285,0.2197386532738072,630.0437062871782,630.0437062871782,630.0437062871782,630.0437062871782,630.0437062871782,28285.949722842164,28285.949722842164,28285.949722842164,28285.949722842164,28285.949722842164,-690.4724906993811,-690.4724906993811,-690.4724906993811,-690.4724906993811,-690.4724906993811,-31.887038690476327,-31.887038690476327,-31.887038690476327,-31.887038690476327,-31.887038690476327,-26.568218005953014,-26.568218005953014,-26.568218005953014,-26.568218005953014,-26.568218005953014,1614.04099888352,1614.04099888352,1614.04099888352,1614.04099888352,1614.04099888352,0.2197386532738072,0.2197386532738072,0.2197386532738072,0.2197386532738072,0.2197386532738072
2021-01-03,807438.1428571428,0.0,0.0,2010.4285714285713,11481.857142857143,5297287.0,78.7,-15161.285714285681,0.0,308.71428571428555,98.28571428571558,-19899.857142856345,0.0,799679.1785714285,988.4451906621712,1375.0,21460.378688615925,0.0,-3426.2794326636845,1842.017857142857,69.4440922619048,11538.92857142857,25.1441183035707,5286181.357142857,-8396.889187128065,78.17107142857144,0.25973642113095374,988.4451906621712,988.4451906621712,988.4451906621712,988.4451906621712,988.4451906621712,21460.378688615925,21460.378688615925,21460.378688615925,21460.378688615925,21460.378688615925,-3426.2794326636845,-3426.2794326636845,-3426.2794326636845,-3426.2794326636845,-3426.2794326636845,69.4440922619048,69.4440922619048,69.4440922619048,69.4440922619048,69.4440922619048,25.1441183035707,25.1441183035707,25.1441183035707,25.1441183035707,25.1441183035707,-8396.889187128065,-8396.889187128065,-8396.889187128065,-8396.889187128065,-8396.889187128065,0.25973642113095374,0.25973642113095374,0.25973642113095374,0.25973642113095374,0.25973642113095374
2021-01-10,862229.5714285715,0.0,0.0,2018.857142857143,12158.0,5504111.142857143,78.7,-9458.428571428522,0.0,8.428571428571558,84.57142857142753,19735.428571428172,0.0,855548.2678571428,-494.2411746651426,17347.285714285714,-29927.604681919518,0.0,2577.0783426339135,1885.3035714285713,-0.8347767857141586,12163.357142857143,13.506543898810094,5495442.517857143,2690.094332217572,78.8325,-0.4385113467261886,-494.2411746651426,-494.2411746651426,-494.2411746651426,-494.2411746651426,-494.2411746651426,-29927.604681919518,-29927.604681919518,-29927.604681919518,-29927.604681919518,-29927.604681919518,2577.0783426339135,2577.0783426339135,2577.0783426339135,2577.0783426339135,2577.0783426339135,-0.8347767857141586,-0.8347767857141586,-0.8347767857141586,-0.8347767857141586,-0.8347767857141586,13.506543898810094,13.506543898810094,13.506543898810094,13.506543898810094,13.506543898810094,2690.094332217572,2690.094332217572,2690.094332217572,2690.094332217572,2690.094332217572,-0.4385113467261886,-0.4385113467261886,-0.4385113467261886,-0.4385113467261886,-0.4385113467261886
2021-01-17,907944.2857142857,11000.0,0.0,1813.142857142857,12854.142857142857,5700269.857142857,78.7,-9076.714285714435,0.0,-205.71428571428578,20.0,1023.4285714291036,0.0,902387.5714285715,-1124.2477222842067,63215.5,-19818.72372953857,280.2142857142857,1539.6735807291518,1837.0714285714284,-36.72227678571432,12784.375,-12.082444196427765,5689204.428571428,4092.753856026972,79.42875,-0.04096372767857234,-1124.2477222842067,-1124.2477222842067,-1124.2477222842067,-1124.2477222842067,-1124.2477222842067,-19818.72372953857,-19818.72372953857,-19818.72372953857,-19818.72372953857,-19818.72372953857,1539.6735807291518,1539.6735807291518,1539.6735807291518,1539.6735807291518,1539.6735807291518,-36.72227678571432,-36.72227678571432,-36.72227678571432,-36.72227678571432,-36.72227678571432,-12.082444196427765,-12.082444196427765,-12.082444196427765,-12.082444196427765,-12.082444196427765,4092.753856026972,4092.753856026972,4092.753856026972,4092.753856026972,4092.753856026972,-0.04096372767857234,-0.04096372767857234,-0.04096372767857234,-0.04096372767857234,-0.04096372767857234
2021-01-24,945973.8571428572,116778.28571428571,0.0,1695.857142857143,13428.57142857143,5881430.142857143,79.75999999999999,-7685.142857142724,0.0,-117.28571428571422,-121.71428571428442,-4333.000000000931,1.059999999999988,942021.6785714286,630.0437062871782,148101.53571428574,28285.949722842164,6144.571428571428,-690.4724906993811,1729.1964285714287,-31.887038690476327,13360.696428571428,-26.568218005953014,5869240.410714285,1614.04099888352,80.35624999999999,0.2197386532738072,630.0437062871782,630.0437062871782,630.0437062871782,630.0437062871782,630.0437062871782,28285.949722842164,28285.949722842164,28285.949722842164,28285.949722842164,28285.949722842164,-690.4724906993811,-690.4724906993811,-690.4724906993811,-690.4724906993811,-690.4724906993811,-31.887038690476327,-31.887038690476327,-31.887038690476327,-31.887038690476327,-31.887038690476327,-26.568218005953014,-26.568218005953014,-26.568218005953014,-26.568218005953014,-26.568218005953014,1614.04099888352,1614.04099888352,1614.04099888352,1614.04099888352,1614.04099888352,0.2197386532738072,0.2197386532738072,0.2197386532738072,0.2197386532738072,0.2197386532738072
2021-01-31,979367.0,250167.42857142858,2241.714285714286,1630.4285714285713,13911.714285714286,6044726.142857143,82.40999999999998,-4636.428571428638,2241.714285714286,-65.42857142857156,-91.28571428571558,-2865.8571428563446,2.6499999999999915,975665.8214285714,988.4451906621712,272309.14285714284,21460.378688615925,26318.125,-3426.2794326636845,1618.0357142857144,69.4440922619048,13872.232142857145,25.1441183035707,6036202.392857143,-8396.889187128065,80.82,0.25973642113095374,988.4451906621712,988.4451906621712,988.4451906621712,988.4451906621712,988.4451906621712,21460.378688615925,21460.378688615925,21460.378688615925,21460.378688615925,21460.378688615925,-3426.2794326636845,-3426.2794326636845,-3426.2794326636845,-3426.2794326636845,-3426.2794326636845,69.4440922619048,69.4440922619048,69.4440922619048,69.4440922619048,69.4440922619048,25.1441183035707,25.1441183035707,25.1441183035707,25.1441183035707,25.1441183035707,-8396.889187128065,-8396.889187128065,-8396.889187128065,-8396.889187128065,-8396.889187128065,0.25973642113095374,0.25973642113095374,0.25973642113095374,0.25973642113095374,0.25973642113095374
2021-02-07,1007373.5714285715,428920.85714285716,44673.142857142855,1535.857142857143,14338.714285714286,6196959.857142857,82.40999999999998,-5386.571428571362,42431.42857142857,-94.57142857142844,-56.14285714285688,6802.0,0.0,1005148.9642857143,-494.2411746651426,418809.41071428574,-29927.604681919518,64803.73214285714,2577.0783426339135,1528.0714285714284,-0.8347767857141586,14330.571428571431,13.506543898810094,6195346.625,2690.094332217572,80.6875,-0.4385113467261886,-494.2411746651426,-494.2411746651426,-494.2411746651426,-494.2411746651426,-494.2411746651426,-29927.604681919518,-29927.604681919518,-29927.604681919518,-29927.604681919518,-29927.604681919518,2577.0783426339135,2577.0783426339135,2577.0783426339135,2577.0783426339135,2577.0783426339135,-0.8347767857141586,-0.8347767857141586,-0.8347767857141586,-0.8347767857141586,-0.8347767857141586,13.506543898810094,13.506543898810094,13.506543898810094,13.506543898810094,13.506543898810094,2690.094332217572,2690.094332217572,2690.094332217572,2690.094332217572,2690.094332217572,-0.4385113467261886,-0.4385113467261886,-0.4385113467261886,-0.4385113467261886,-0.4385113467261886
2021-02-14,1031953.4285714285,575740.0,116715.28571428571,1406.857142857143,14765.714285714286,6343117.0,78.7,-3426.7142857144354,72042.14285714286,-129.0,0.0,4985.7142857136205,-3.7099999999999795,1032843.142857143,-1124.2477222842067,577821.3571428572,-19818.72372953857,123827.26785714287,1539.6735807291518,1452.75,-36.72227678571432,14755.82142857143,-12.082444196427765,6357159.892857144,4092.753856026972,80.09125,-0.04096372767857234,-1124.2477222842067,-1124.2477222842067,-1124.2477222842067,-1124.2477222842067,-1124.2477222842067,-19818.72372953857,-19818.72372953857,-19818.72372953857,-19818.72372953857,-19818.72372953857,1539.6735807291518,1539.6735807291518,1539.6735807291518,1539.6735807291518,1539.6735807291518,-36.72227678571432,-36.72227678571432,-36.72227678571432,-36.72227678571432,-36.72227678571432,-12.082444196427765,-12.082444196427765,-12.082444196427765,-12.082444196427765,-12.082444196427765,4092.753856026972,4092.753856026972,4092.753856026972,4092.753856026972,4092.753856026972,-0.04096372767857234,-0.04096372767857234,-0.04096372767857234,-0.04096372767857234,-0.04096372767857234
2021-02-21,1057829.857142857,724040.4285714285,191169.57142857142,1382.4285714285713,15183.714285714286,6511736.857142857,78.7,1296.5714285714785,74454.28571428571,-24.42857142857156,-9.0,28539.28571428638,0.0,1060757.4107142857,630.0437062871782,747415.5535714286,28285.949722842164,200562.4821428571,-690.4724906993811,1396.0,-31.887038690476327,15150.571428571428,-26.568218005953014,6531466.410714286,1614.04099888352,78.83339285714285,0.2197386532738072,630.0437062871782,630.0437062871782,630.0437062871782,630.0437062871782,630.0437062871782,28285.949722842164,28285.949722842164,28285.949722842164,28285.949722842164,28285.949722842164,-690.4724906993811,-690.4724906993811,-690.4724906993811,-690.4724906993811,-690.4724906993811,-31.887038690476327,-31.887038690476327,-31.887038690476327,-31.887038690476327,-31.887038690476327,-26.568218005953014,-26.568218005953014,-26.568218005953014,-26.568218005953014,-26.568218005953014,1614.04099888352,1614.04099888352,1614.04099888352,1614.04099888352,1614.04099888352,0.2197386532738072,0.2197386532738072,0.2197386532738072,0.2197386532738072,0.2197386532738072
2021-02-28,1089064.4285714286,915000.8571428572,283260.4285714286,1341.2857142857142,15558.57142857143,6708925.571428572,78.7,5358.142857143073,92090.85714285716,-41.14285714285711,-43.14285714285688,6106.142857142724,0.0,1090357.357142857,988.4451906621712,926261.7142857142,21460.378688615925,284871.96428571426,-3426.2794326636845,1368.875,69.4440922619048,15507.482142857143,25.1441183035707,6727345.267857143,-8396.889187128065,77.5767857142857,0.25973642113095374,988.4451906621712,988.4451906621712,988.4451906621712,988.4451906621712,988.4451906621712,21460.378688615925,21460.378688615925,21460.378688615925,21460.378688615925,21460.378688615925,-3426.2794326636845,-3426.2794326636845,-3426.2794326636845,-3426.2794326636845,-3426.2794326636845,69.4440922619048,69.4440922619048,69.4440922619048,69.4440922619048,69.4440922619048,25.1441183035707,25.1441183035707,25.1441183035707,25.1441183035707,25.1441183035707,-8396.889187128065,-8396.889187128065,-8396.889187128065,-8396.889187128065,-8396.889187128065,0.25973642113095374,0.25973642113095374,0.25973642113095374,0.25973642113095374,0.25973642113095374
2021-03-07,1120990.2857142857,1120841.0,377536.14285714284,1371.0,15849.857142857143,6927212.571428572,76.05714285714285,691.2857142854482,94275.71428571426,29.71428571428578,-83.57142857142935,-7470.571428571828,-2.642857142857153,1123196.107142857,-494.2411746651426,1109430.0357142857,-29927.604681919518,373344.03571428574,2577.0783426339135,1370.5357142857144,-0.8347767857141586,15818.32142857143,13.506543898810094,6951091.232142856,2690.094332217572,76.65178571428572,-0.4385113467261886,,-494.2411746651426,-494.2411746651426,-494.2411746651426,-494.2411746651426,,-29927.604681919518,-29927.604681919518,-29927.604681919518,-29927.604681919518,,2577.0783426339135,2577.0783426339135,2577.0783426339135,2577.0783426339135,,-0.8347767857141586,-0.8347767857141586,-0.8347767857141586,-0.8347767857141586,,13.506543898810094,13.506543898810094,13.506543898810094,13.506543898810094,,2690.094332217572,2690.094332217572,2690.094332217572,2690.094332217572,,-0.4385113467261886,-0.4385113467261886,-0.4385113467261886,-0.4385113467261886
2021-03-14,1155136.2857142857,1314589.142857143,458328.14285714284,1354.7142857142858,16109.857142857143,7179895.142857143,75.0,2220.142857142957,80792.0,-16.28571428571422,-31.285714285713766,13297.285714285448,-1.0571428571428498,1160418.6428571427,-1124.2477222842067,1286428.3035714286,-19818.72372953857,465434.10714285716,1539.6735807291518,1408.357142857143,-36.72227678571432,16082.517857142855,-12.082444196427765,7201133.5,4092.753856026972,75.72678571428571,-0.04096372767857234,,-1124.2477222842067,-1124.2477222842067,-1124.2477222842067,-1124.2477222842067,,-19818.72372953857,-19818.72372953857,-19818.72372953857,-19818.72372953857,,1539.6735807291518,1539.6735807291518,1539.6735807291518,1539.6735807291518,,-36.72227678571432,-36.72227678571432,-36.72227678571432,-36.72227678571432,,-12.082444196427765,-12.082444196427765,-12.082444196427765,-12.082444196427765,,4092.753856026972,4092.753856026972,4092.753856026972,4092.753856026972,,-0.04096372767857234,-0.04096372767857234,-0.04096372767857234,-0.04096372767857234
2021-03-21,1197357.0,1450537.857142857,557333.2857142858,1447.857142857143,16326.285714285714,7464926.428571428,75.0,8074.714285714319,99005.14285714296,93.14285714285711,-43.57142857142935,-2046.8571428563446,0.0,1202696.9464285714,630.0437062871782,1469932.8035714284,28285.949722842164,559131.0178571428,-690.4724906993811,1472.2142857142858,-31.887038690476327,16311.375,-26.568218005953014,7469665.910714285,1614.04099888352,75.13214285714285,0.2197386532738072,,630.0437062871782,630.0437062871782,630.0437062871782,630.0437062871782,,28285.949722842164,28285.949722842164,28285.949722842164,28285.949722842164,,-690.4724906993811,-690.4724906993811,-690.4724906993811,-690.4724906993811,,-31.887038690476327,-31.887038690476327,-31.887038690476327,-31.887038690476327,,-26.568218005953014,-26.568218005953014,-26.568218005953014,-26.568218005953014,,1614.04099888352,1614.04099888352,1614.04099888352,1614.04099888352,,0.2197386532738072,0.2197386532738072,0.2197386532738072,0.2197386532738072
2021-03-28,1247317.5714285714,1604489.5714285714,653817.2857142857,1578.4285714285713,16529.571428571428,7756074.142857143,75.0,7739.857142857043,96483.99999999988,130.57142857142844,-13.142857142856883,-26232.28571428545,0.0,1249643.3392857143,988.4451906621712,1724423.8928571427,21460.378688615925,651428.2321428572,-3426.2794326636845,1551.892857142857,69.4440922619048,16515.178571428572,25.1441183035707,7744795.749999999,-8396.889187128065,75.0,0.25973642113095374,,988.4451906621712,988.4451906621712,988.4451906621712,988.4451906621712,,21460.378688615925,21460.378688615925,21460.378688615925,21460.378688615925,,-3426.2794326636845,-3426.2794326636845,-3426.2794326636845,-3426.2794326636845,,69.4440922619048,69.4440922619048,69.4440922619048,69.4440922619048,,25.1441183035707,25.1441183035707,25.1441183035707,25.1441183035707,,-8396.889187128065,-8396.889187128065,-8396.889187128065,-8396.889187128065,,0.25973642113095374,0.25973642113095374,0.25973642113095374,0.25973642113095374
2021-04-04,1300963.5714285714,1899388.2857142857,756554.5714285715,1644.7142857142858,16709.714285714286,8028323.285714285,75.0,3685.428571428638,102737.2857142858,66.28571428571445,-23.142857142855064,-25015.00000000093,0.0,1299868.1607142857,-494.2411746651426,2118391.3214285714,-29927.604681919518,738309.9285714286,2577.0783426339135,1629.6785714285713,-0.8347767857141586,16703.410714285714,13.506543898810094,8012505.624999999,2690.094332217572,75.0,-0.4385113467261886,,,-494.2411746651426,-494.2411746651426,-494.2411746651426,,,-29927.604681919518,-29927.604681919518,-29927.604681919518,,,2577.0783426339135,2577.0783426339135,2577.0783426339135,,,-0.8347767857141586,-0.8347767857141586,-0.8347767857141586,,,13.506543898810094,13.506543898810094,13.506543898810094,,,2690.094332217572,2690.094332217572,2690.094332217572,,,-0.4385113467261886,-0.4385113467261886,-0.4385113467261886
2021-04-11,1350734.142857143,2571970.5714285714,817687.4285714285,1718.4285714285713,16880.428571428572,8279823.142857143,75.0,-3875.428571428405,61132.85714285704,73.71428571428555,-9.428571428572468,-1850.7142857136205,0.0,1350663.1160714286,-1124.2477222842067,2609029.25,-19818.72372953857,816444.1785714285,1539.6735807291518,1673.4464285714287,-36.72227678571432,16877.78125,-12.082444196427765,8247993.357142856,4092.753856026972,75.0,-0.04096372767857234,,,-1124.2477222842067,-1124.2477222842067,-1124.2477222842067,,,-19818.72372953857,-19818.72372953857,-19818.72372953857,,,1539.6735807291518,1539.6735807291518,1539.6735807291518,,,-36.72227678571432,-36.72227678571432,-36.72227678571432,,,-12.082444196427765,-12.082444196427765,-12.082444196427765,,,4092.753856026972,4092.753856026972,4092.753856026972,,,-0.04096372767857234,-0.04096372767857234,-0.04096372767857234
2021-04-18,1403557.7142857143,3344895.8571428573,893027.5714285715,1706.4285714285713,17061.571428571428,8506677.428571427,75.0,3052.999999999767,75340.14285714296,-12.0,10.42857142856883,-3896.285714287311,0.0,1391010.0035714293,630.0437062871782,2612427.1303571463,28285.949722842164,922399.4589285711,-690.4724906993811,1775.8107142857152,-31.887038690476327,17126.389285714304,-26.568218005953014,8555261.371428577,1614.04099888352,74.40535714285718,0.2197386532738072,,,630.0437062871782,630.0437062871782,630.0437062871782,,,28285.949722842164,28285.949722842164,28285.949722842164,,,-690.4724906993811,-690.4724906993811,-690.4724906993811,,,-31.887038690476327,-31.887038690476327,-31.887038690476327,,,-26.568218005953014,-26.568218005953014,-26.568218005953014,,,1614.04099888352,1614.04099888352,1614.04099888352,,,0.2197386532738072,0.2197386532738072,0.2197386532738072
2021-04-25,1447476.5,3635235.0,943197.0,1670.0,17189.25,8598225.0,75.0,-8904.785714285681,50169.42857142852,-36.42857142857133,-53.464285714282596,-110661.142857139,0.0,1437539.4982142868,988.4451906621712,2887465.1446428616,21460.378688615925,1013491.926785714,-3426.2794326636845,1850.175000000001,69.4440922619048,17333.03750000002,25.1441183035707,8826185.992857149,-8396.889187128065,74.17410714285717,0.25973642113095374,,,988.4451906621712,988.4451906621712,988.4451906621712,,,21460.378688615925,21460.378688615925,21460.378688615925,,,-3426.2794326636845,-3426.2794326636845,-3426.2794326636845,,,69.4440922619048,69.4440922619048,69.4440922619048,,,25.1441183035707,25.1441183035707,25.1441183035707,,,-8396.889187128065,-8396.889187128065,-8396.889187128065,,,0.25973642113095374,0.25973642113095374,0.25973642113095374
